step,critic_loss,actor_loss,alpha,logp,alpha_loss
10000,1.2516837120056152,-0.12441019713878632,0.2,-1.3134169578552246,-5.332738876342773
11000,5.9235382080078125,4.1891913414001465,0.14834388099511753,-1.277226209640503,-6.253675937652588
12000,0.04069361090660095,8.01565170288086,0.11014715526426426,-1.2381738424301147,-7.143211364746094
13000,0.10943907499313354,12.337331771850586,0.08203898068374024,-1.1425538063049316,-7.858146667480469
14000,0.09223487228155136,16.244213104248047,0.06125255926025715,-0.9591092467308044,-8.26405143737793
15000,0.10914236307144165,20.122234344482422,0.04599628656848161,-0.8319060206413269,-8.719989776611328
16000,0.0888594537973404,24.098873138427734,0.034715380496280125,-0.5133527517318726,-8.446304321289062
17000,0.13761721551418304,27.740936279296875,0.026538844792712093,-0.2303297519683838,-8.094192504882812
18000,0.15497758984565735,31.161476135253906,0.02066021723016314,0.3460117280483246,-6.416722297668457
19000,0.15428206324577332,34.489280700683594,0.016473854300725097,0.381980299949646,-6.643557548522949
20000,0.21240763366222382,37.38153076171875,0.013518630814721468,1.1534003019332886,-3.6435000896453857
21000,0.13782568275928497,40.32071304321289,0.011523995712410725,1.589781403541565,-1.8309385776519775
22000,0.17909285426139832,43.16316223144531,0.010391285876044263,2.0865588188171387,0.39529597759246826
23000,0.21316492557525635,45.87944793701172,0.009763752208914298,2.2262229919433594,1.0472042560577393
24000,0.2144598364830017,48.32673645019531,0.010437452618246296,2.445462226867676,2.0323572158813477
25000,4.449555397033691,50.62253189086914,0.011088385403633208,1.6978614330291748,-1.3601844310760498
26000,4.448429107666016,52.92530822753906,0.011254654698847975,1.862842082977295,-0.6154236793518066
27000,0.2026018351316452,54.66602325439453,0.012384692847342681,2.0933501720428467,0.4099275469779968
28000,20.437349319458008,56.13936996459961,0.012740429470512963,1.9162483215332031,-0.3654056787490845
29000,0.2529468536376953,58.50236511230469,0.013171066131996673,2.0453577041625977,0.19638651609420776
30000,0.28338339924812317,60.19990539550781,0.013416743954951989,2.180858612060547,0.7797269821166992
31000,3.5880045890808105,61.748023986816406,0.013593910434003369,2.1274192333221436,0.5476655960083008
32000,0.2607310116291046,63.64038848876953,0.013987377644548847,2.1669111251831055,0.7126430869102478
33000,0.23396039009094238,64.72116088867188,0.016768599438657824,2.07277512550354,0.2975223660469055
34000,0.29068177938461304,65.64286804199219,0.017922966164259802,2.037794828414917,0.15199829638004303
35000,0.6827712655067444,66.61128234863281,0.017995654708906104,2.1066064834594727,0.42830514907836914
36000,0.3607536554336548,67.9796142578125,0.018596769572347717,2.1718358993530273,0.6847267150878906
37000,0.5647212862968445,68.72984313964844,0.018593418086437448,1.928694248199463,-0.28414982557296753
38000,0.3516300618648529,69.79931640625,0.01851807836794351,1.9790594577789307,-0.08353233337402344
39000,3.4856793880462646,70.96034240722656,0.0183314547502495,1.9984034299850464,-0.006385385990142822
40000,0.36176419258117676,71.96540832519531,0.017593931609665332,2.0113401412963867,0.045815616846084595
41000,2.0177559852600098,73.61158752441406,0.01737941118940654,1.9722933769226074,-0.11228024959564209
42000,72.03096008300781,74.39053344726562,0.018249096359257234,1.9478223323822021,-0.20890074968338013
43000,0.48312652111053467,74.89431762695312,0.018376037381995447,1.9165236949920654,-0.33363068103790283
44000,0.33724868297576904,76.96835327148438,0.018781001949357935,2.068852186203003,0.2736815810203552
45000,0.3761511445045471,77.01271057128906,0.01821895139513962,2.097848415374756,0.39191150665283203
46000,0.3590949773788452,78.29327392578125,0.018154388713951624,1.7735646963119507,-0.9077434539794922
47000,8.140819549560547,79.157958984375,0.017956776812400634,2.0488061904907227,0.19618995487689972
48000,0.3122500777244568,79.50958251953125,0.0181336724215184,1.999417781829834,-0.0023344308137893677
49000,0.34489649534225464,80.72575378417969,0.01829136836668058,2.024270534515381,0.09711450338363647
50000,1.8423147201538086,80.6729507446289,0.018140546963417062,1.9567511081695557,-0.1734108328819275
51000,0.2958182692527771,81.71041870117188,0.0178070233826408,1.777071475982666,-0.8979926109313965
52000,0.27616047859191895,82.06513977050781,0.018322894947498624,2.0966250896453857,0.3864623010158539
53000,0.47032469511032104,83.14749145507812,0.01770627636628064,2.152583599090576,0.6154971122741699
54000,0.32805681228637695,83.69741821289062,0.017854934045015248,1.752077341079712,-0.9980065822601318
55000,0.4266810417175293,83.90534973144531,0.017347374040041233,2.2179651260375977,0.8836992383003235
56000,0.7477315664291382,85.3823013305664,0.01719839444506671,1.8126704692840576,-0.7611082196235657
57000,0.7711856961250305,85.25892639160156,0.017055410165332012,1.9545867443084717,-0.18489037454128265
58000,0.24933969974517822,85.91545104980469,0.0167107088994224,2.021547794342041,0.08816728740930557
59000,0.5485241413116455,85.97306823730469,0.016341620126462574,1.949898600578308,-0.20611882209777832
60000,0.682921290397644,86.34017944335938,0.016231438063874955,1.7064517736434937,-1.2096548080444336
61000,0.3172125816345215,88.44633483886719,0.015698260663701294,2.1771042346954346,0.7357273697853088
62000,0.32233187556266785,87.905517578125,0.016073460595013297,2.180417060852051,0.7452279925346375
63000,39.87266540527344,87.90872192382812,0.015787108654950175,2.172102451324463,0.7139780521392822
64000,1.6352753639221191,87.61643981933594,0.015934362473187795,2.043466567993164,0.17992010712623596
65000,0.3003314137458801,88.21109771728516,0.017113433732518942,2.030212879180908,0.12290210276842117
66000,0.305606484413147,89.99920654296875,0.01734120447135314,1.9021084308624268,-0.3969177305698395
67000,54.917606353759766,89.40203857421875,0.01722815329629185,2.0119946002960205,0.0487128347158432
68000,0.5703043937683105,88.28369903564453,0.01747302751622683,2.3551011085510254,1.4371280670166016
69000,39.33002853393555,89.51576232910156,0.01828038293294697,1.9374232292175293,-0.2504276633262634
70000,2.348902702331543,89.765869140625,0.018391610700312134,2.076692581176758,0.3064534068107605
71000,2.9126062393188477,89.89252471923828,0.019443819385278574,2.0164027214050293,0.06462973356246948
72000,0.41907474398612976,89.861572265625,0.01907620145548164,2.0316061973571777,0.12513881921768188
73000,3.425597667694092,90.28411865234375,0.020184920242333083,1.8548945188522339,-0.566320538520813
74000,0.3766207993030548,90.51648712158203,0.02108307437636815,1.6578962802886963,-1.3202757835388184
75000,0.4289827346801758,90.63688659667969,0.02001302635595774,2.066688299179077,0.26084327697753906
76000,0.3233751058578491,90.21665954589844,0.021299042923474162,1.9775919914245605,-0.08625063300132751
77000,0.599729061126709,89.5260238647461,0.020818006214107548,1.983629822731018,-0.06338414549827576
78000,0.436583936214447,90.25929260253906,0.022532773316122724,2.227374315261841,0.8623816967010498
79000,0.40967100858688354,89.55793762207031,0.02344126226941073,1.886181116104126,-0.4271911084651947
80000,0.33354735374450684,89.64903259277344,0.024261224021417897,1.991131067276001,-0.03298225998878479
81000,0.5121861696243286,89.49510955810547,0.024849352585888596,2.087973117828369,0.32505321502685547
82000,2.2198216915130615,89.30270385742188,0.023765045605736466,1.7780379056930542,-0.8300356864929199
83000,0.3613336384296417,88.71356201171875,0.022511260286943495,1.8912353515625,-0.41262444853782654
84000,0.3407360315322876,88.67092895507812,0.02259984479451487,2.1563355922698975,0.5924822092056274
85000,0.3134070336818695,89.39744567871094,0.021121969481560334,1.7972302436828613,-0.7821725010871887
86000,0.4086344838142395,89.02752685546875,0.021747243122432428,2.0287258625030518,0.10997003316879272
87000,0.5389489531517029,88.35044860839844,0.023029715304020548,2.028555154800415,0.10768091678619385
88000,0.41426193714141846,88.79800415039062,0.02158303659306932,2.0806400775909424,0.30932319164276123
89000,0.37243402004241943,88.38560485839844,0.021853761040660048,2.1323506832122803,0.5060269832611084
90000,45.8720703125,88.4817123413086,0.023015843765212943,2.03987979888916,0.1504097282886505
91000,0.5569496154785156,87.80339050292969,0.02212395929960648,2.071291446685791,0.27169910073280334
92000,0.6793331503868103,87.91259002685547,0.021630996207769326,1.7875845432281494,-0.8143218159675598
93000,4.618041038513184,87.7230453491211,0.02131778491215651,1.8837639093399048,-0.4473012685775757
94000,2.7324211597442627,87.25365447998047,0.020941448038096343,1.9799234867095947,-0.077615886926651
95000,2.3851118087768555,87.17237854003906,0.02044127935386902,2.0949654579162598,0.36943551898002625
96000,0.6183812618255615,87.31341552734375,0.021526855873638465,2.0947275161743164,0.36360716819763184
97000,0.4237733483314514,86.88683319091797,0.02113851741414082,2.098627805709839,0.38037341833114624
98000,38.906009674072266,87.35967254638672,0.02076454239471935,1.8774781227111816,-0.47471219301223755
99000,47.750694274902344,87.08499145507812,0.020475132158205938,1.9870867729187012,-0.05021369457244873
100000,0.4150311350822449,87.01445770263672,0.020666830936794767,2.191577196121216,0.7431713342666626
101000,1.566192388534546,86.85208892822266,0.02047425522783606,1.9663574695587158,-0.13082171976566315
102000,0.48012393712997437,87.09217834472656,0.021453494484647007,1.9949254989624023,-0.019495710730552673
103000,3.3490724563598633,87.17054748535156,0.021098797533167003,2.187075614929199,0.7218378782272339
104000,0.41261911392211914,87.11636352539062,0.02157144357789141,2.063271999359131,0.2427356094121933
105000,0.42556431889533997,87.05323791503906,0.02284995010802673,1.8558399677276611,-0.5447533130645752
106000,0.3698734939098358,86.47657775878906,0.02145170989198138,1.935007095336914,-0.24969974160194397
107000,0.6488591432571411,86.71768188476562,0.021719580249886246,2.0950350761413574,0.3639397621154785
108000,0.693932056427002,87.08688354492188,0.020996969860705143,2.053560495376587,0.20692437887191772
109000,0.4690428376197815,86.99772644042969,0.020185871882362885,1.8053646087646484,-0.7596175670623779
110000,0.9257028102874756,86.86082458496094,0.019692036502835634,1.7971572875976562,-0.7966728806495667
111000,0.6987623572349548,86.67356872558594,0.02077058369211217,1.9076725244522095,-0.3576969504356384
112000,0.5542839169502258,86.6923599243164,0.022466366614607314,1.9295531511306763,-0.26739805936813354
113000,0.6734766960144043,86.52764892578125,0.022955875046978512,1.719947338104248,-1.0569697618484497
114000,0.5869662761688232,86.55854034423828,0.02267584654280161,1.8950920104980469,-0.39722946286201477
115000,0.590556800365448,86.07308959960938,0.02238807737339052,1.8443100452423096,-0.5915015339851379
116000,6.155085563659668,86.4369888305664,0.02324694424917948,1.6827877759933472,-1.1932199001312256
117000,0.6150544881820679,85.83325958251953,0.024679789388620466,1.7753677368164062,-0.8315370082855225
118000,0.5268386602401733,86.13961791992188,0.02577293919302599,1.964695930480957,-0.12915751338005066
119000,58.97721862792969,85.02168273925781,0.026679631781865026,1.9220658540725708,-0.2824220657348633
120000,0.5411250591278076,85.59352111816406,0.026574211706102666,2.142232894897461,0.5159947276115417
121000,0.9225850105285645,85.79183197021484,0.02618907206791111,1.8742666244506836,-0.4579729735851288
122000,0.4808155298233032,84.60372924804688,0.026198695970103866,1.9512221813201904,-0.17765064537525177
123000,0.48949024081230164,85.00880432128906,0.024482294817883797,1.969166874885559,-0.11438515782356262
124000,0.4733624756336212,83.54777526855469,0.023540501811920914,2.243795394897461,0.9139977097511292
125000,0.7812423706054688,84.0347900390625,0.02318968110032551,2.0034680366516113,0.013054236769676208
126000,0.8207881450653076,84.0177230834961,0.023956048281450353,2.021991491317749,0.08206209540367126
127000,0.5822458863258362,83.5185317993164,0.02435780465793572,1.8356339931488037,-0.6106037497520447
128000,0.7650101184844971,84.1033935546875,0.024125193364278468,1.7123184204101562,-1.071470022201538
129000,0.5330567955970764,84.21267700195312,0.024906664027333325,2.044952154159546,0.16599097847938538
130000,83.39178466796875,84.25343322753906,0.023966354724364303,1.954709768295288,-0.16898271441459656
131000,0.5869356393814087,84.72994995117188,0.0252738583330413,1.8934484720230103,-0.3918951153755188
132000,6.035487174987793,84.59622955322266,0.025178683972459523,1.9918506145477295,-0.030004292726516724
133000,5.000339031219482,84.30552673339844,0.025528230209510925,2.148897886276245,0.5461531281471252
134000,0.7100104093551636,84.50174713134766,0.024004712539191363,1.781895637512207,-0.8134211897850037
135000,0.8775995969772339,85.24846649169922,0.022500283309672946,1.7311278581619263,-1.0201623439788818
136000,30.52433204650879,83.75586700439453,0.024301366271790203,1.83750319480896,-0.6040372848510742
137000,0.7396607398986816,84.04180145263672,0.026027119585625966,2.256077527999878,0.9343284368515015
138000,0.5986716747283936,84.14552307128906,0.024262029980900497,2.0734703540802,0.2732245922088623
139000,0.6966599225997925,84.85831451416016,0.023709735905330657,2.1915810108184814,0.7168704867362976
140000,0.528812825679779,86.07615661621094,0.022651479613106665,1.7930097579956055,-0.7839817404747009
141000,17.914798736572266,85.03976440429688,0.022124563820105338,2.17598557472229,0.6706928014755249
142000,1.3162423372268677,84.24111938476562,0.022200711345635442,1.886916160583496,-0.43058153986930847
143000,0.7206606864929199,84.50733947753906,0.023489771739684962,2.031088352203369,0.11661802977323532
144000,17.15827178955078,84.47936248779297,0.024627095051303827,2.2168328762054443,0.8031289577484131
145000,4.89907169342041,84.53755187988281,0.02434142596081212,2.003696918487549,0.013735517859458923
146000,1.2912193536758423,85.00137329101562,0.02403900547951808,1.7707693576812744,-0.8545897603034973
147000,0.684733510017395,83.95321655273438,0.025785971340589405,2.065582752227783,0.23989719152450562
148000,0.5849090814590454,84.23844909667969,0.024850155678950644,2.0821542739868164,0.30355140566825867
149000,3.7308454513549805,84.40208435058594,0.025276562339429254,2.0911037921905518,0.33506911993026733
150000,0.5545541644096375,85.04689025878906,0.025501368735366067,2.066493272781372,0.24396508932113647
151000,0.9650591611862183,83.97454833984375,0.02629264108405601,2.045779228210449,0.16656619310379028
152000,0.617475152015686,84.20417785644531,0.024849115497285586,2.193483352661133,0.714908242225647
153000,0.6977700591087341,84.04849243164062,0.025538923260490152,2.036190986633301,0.13273276388645172
154000,0.9688537120819092,84.21688842773438,0.026080713930267244,2.133197784423828,0.4857136309146881
155000,0.6405489444732666,84.61438751220703,0.028914229294837553,2.0157151222229004,0.05568462610244751
156000,0.7473884224891663,84.99596405029297,0.025839574996494804,1.9202663898468018,-0.29149383306503296
157000,51.427589416503906,83.21004486083984,0.02534456604896759,1.8727593421936035,-0.4676337242126465
158000,0.7012361884117126,83.57493591308594,0.025520806350711262,2.0166015625,0.06089797988533974
159000,0.8460657000541687,82.15525817871094,0.024393089094087793,1.9903843402862549,-0.03570684790611267
160000,0.9089812636375427,84.55033111572266,0.022827147522676502,1.991788387298584,-0.031038660556077957
161000,12.702275276184082,84.31501007080078,0.02369478376377675,1.8862777948379517,-0.4256056547164917
162000,1.4970240592956543,83.34754180908203,0.023703361241339416,2.187613010406494,0.702073872089386
163000,3.898594379425049,83.55653381347656,0.022279057821257074,1.9015202522277832,-0.37462741136550903
164000,0.5494397878646851,83.61161804199219,0.020777332932387357,2.0936336517333984,0.3627268075942993
165000,90.47480773925781,83.40745544433594,0.021951515441559127,1.938939094543457,-0.23318715393543243
166000,0.7345355749130249,82.08844757080078,0.023609756005901636,1.9758098125457764,-0.09061894565820694
167000,0.9548571109771729,83.10008239746094,0.023406381961352116,1.8899638652801514,-0.41315755248069763
168000,31.097869873046875,82.4654541015625,0.022663061094815033,2.114651679992676,0.43418845534324646
169000,1.4203987121582031,83.90426635742188,0.024031311016705904,1.967450737953186,-0.12135638296604156
170000,0.761290967464447,84.45552062988281,0.0247597085623056,1.8906844854354858,-0.40430763363838196
171000,1.455159068107605,82.0997543334961,0.027040205619412994,2.1401238441467285,0.5059071183204651
172000,0.7596634030342102,83.52334594726562,0.028275378377407952,2.0625216960906982,0.22293752431869507
173000,2.708704948425293,81.09886169433594,0.02928960445495329,2.0801544189453125,0.2829861640930176
174000,1.030703067779541,81.27384185791016,0.0283492863469725,2.015965461730957,0.056886911392211914
175000,1.1724610328674316,81.94705963134766,0.029137979985642465,1.9585822820663452,-0.14644131064414978
176000,0.8814029693603516,82.43270874023438,0.028472324045188794,1.981618046760559,-0.06541803479194641
177000,1.7712490558624268,82.6953125,0.025662511031520643,1.711334466934204,-1.0573018789291382
178000,2.9458067417144775,81.03290557861328,0.025031210139147532,1.9316798448562622,-0.25193917751312256
179000,0.7166281342506409,81.7328109741211,0.02693456676206056,1.5644625425338745,-1.5741827487945557
180000,1.7582790851593018,80.06507873535156,0.02557092675735439,1.7147479057312012,-1.0458194017410278
181000,0.9009512662887573,79.49140167236328,0.02612581039771092,2.0647239685058594,0.2359078824520111
182000,1.935149908065796,80.12904357910156,0.02643871657785983,2.2688562870025635,0.9767348170280457
183000,0.7979912757873535,78.21438598632812,0.02432063176324814,1.92038094997406,-0.29589852690696716
184000,3.513141632080078,77.66661071777344,0.02691352717434759,2.005837917327881,0.02110457420349121
185000,0.9810932874679565,78.5906982421875,0.028591225190511823,1.9654834270477295,-0.12269490212202072
186000,13.214254379272461,78.07035064697266,0.028966102733262458,2.025763511657715,0.09124507009983063
187000,0.7812395691871643,76.62139892578125,0.028910177931518434,2.0378365516662598,0.13407649099826813
188000,0.9310383796691895,76.29633331298828,0.030305024703590876,1.963578224182129,-0.12734660506248474
189000,8.160298347473145,74.50696563720703,0.032363780152857194,2.2117514610290527,0.7264589667320251
190000,4.032358646392822,75.06892395019531,0.039261221746569167,2.014521598815918,0.047013722360134125
191000,1.4492106437683105,75.45543670654297,0.04012488866017153,1.8574532270431519,-0.45839616656303406
192000,0.9275740385055542,71.22732543945312,0.03821696717369709,2.0836682319641113,0.2731330394744873
193000,1.0777900218963623,74.08548736572266,0.03773741030147394,1.7033653259277344,-0.9721024036407471
194000,6.4914093017578125,72.25601196289062,0.0376841274320195,2.0726914405822754,0.23831944167613983
195000,6.613063812255859,70.9282455444336,0.03843438206304968,2.160123586654663,0.5218109488487244
196000,1.154038429260254,72.11845397949219,0.039731717998092976,1.8622043132781982,-0.44447481632232666
197000,0.8999750018119812,70.75940704345703,0.03948813449881397,1.941054344177246,-0.19049778580665588
198000,5.435886383056641,68.39954376220703,0.042568423611888076,1.8494477272033691,-0.47523993253707886
199000,1.2089622020721436,68.64324951171875,0.04499872457007715,2.0675220489501953,0.2093936800956726
200000,1.26295006275177,64.34867095947266,0.04403545275475289,1.9530444145202637,-0.14663125574588776
201000,1.4688481092453003,65.06802368164062,0.04539852138467921,2.214130401611328,0.6621500849723816
202000,16.619293212890625,65.81192779541016,0.04383619637088074,1.8482747077941895,-0.47449010610580444
203000,1.5445443391799927,62.86952209472656,0.04534331318007825,2.002894639968872,0.008954636752605438
204000,1.2416629791259766,63.06647491455078,0.04642703136460818,1.9825823307037354,-0.05346998572349548
205000,1.5453355312347412,62.316009521484375,0.048941907758425746,1.9502620697021484,-0.15006551146507263
206000,0.9343373775482178,61.16864776611328,0.04938955965609866,1.9787790775299072,-0.0638330951333046
207000,1.1466779708862305,61.06824493408203,0.0492229363606606,2.017963409423828,0.05409500002861023
208000,3.6812703609466553,60.449012756347656,0.049540175841450734,2.004211187362671,0.01265445351600647
209000,0.9086542129516602,61.13655471801758,0.05050866013613475,1.9892921447753906,-0.0319695919752121
210000,0.9713963270187378,59.63560485839844,0.051306192725803265,1.8352622985839844,-0.48926180601119995
211000,1.3212212324142456,59.451148986816406,0.0505288096230228,2.1077659130096436,0.3217044174671173
212000,5.050687789916992,57.165550231933594,0.05168061382804429,1.9600062370300293,-0.11848872900009155
213000,30.197872161865234,61.42353439331055,0.05090623742911647,1.8175418376922607,-0.5433183312416077
214000,2.295713186264038,57.160465240478516,0.050068620312430354,2.0652077198028564,0.1952553391456604
215000,1.4336057901382446,54.16141128540039,0.0511854009766137,2.0629260540008545,0.1870352029800415
216000,39.705421447753906,53.194244384765625,0.04865957884326672,2.0927867889404297,0.2804858088493347
217000,2.3043885231018066,54.674076080322266,0.0464428614747384,2.1684112548828125,0.5169445872306824
218000,1.1722077131271362,54.60691833496094,0.04847955913513821,2.2070653438568115,0.626706600189209
219000,1.4505367279052734,55.48108673095703,0.04906231421082143,1.8175151348114014,-0.5501302480697632
220000,1.2804213762283325,54.48313903808594,0.050973450379277946,1.9959968328475952,-0.011915087699890137
221000,2.6533102989196777,54.577598571777344,0.053062649568862495,2.0117273330688477,0.034434229135513306
222000,1.645789623260498,53.28282928466797,0.054929154865285906,2.1957197189331055,0.5679225921630859
223000,1.1534298658370972,52.144622802734375,0.05673808509178439,2.1168036460876465,0.3351457118988037
224000,1.3037214279174805,54.02199935913086,0.054653554808215626,1.9813194274902344,-0.0542992502450943
225000,2.2616817951202393,51.42485809326172,0.054367427059328254,2.3440303802490234,1.0018131732940674
226000,2.9963271617889404,50.975318908691406,0.0541598767185788,1.9733421802520752,-0.07772937417030334
227000,1.7761642932891846,50.62251281738281,0.05401722469446098,2.007547378540039,0.022026769816875458
228000,1.8684390783309937,49.23520278930664,0.053759576323768724,1.9665162563323975,-0.09788085520267487
229000,1.1653941869735718,51.274749755859375,0.0553849585047012,1.6261088848114014,-1.0818344354629517
230000,1.1842657327651978,48.378028869628906,0.05590476800291783,1.8841962814331055,-0.33399003744125366
231000,1.14974045753479,48.06590270996094,0.051743752124977976,1.9944113492965698,-0.016550585627555847
232000,1.186672568321228,48.315799713134766,0.05076790391334767,2.004937171936035,0.01471506804227829
233000,42.12540817260742,47.18389892578125,0.04825513102287419,2.077204704284668,0.23402708768844604
234000,5.6360039710998535,47.17961883544922,0.05184503479836985,1.862577199935913,-0.40670245885849
235000,1.1464440822601318,44.76421356201172,0.049910598022439044,2.178946018218994,0.5363948941230774
236000,7.864537715911865,45.892669677734375,0.05025933200702056,1.8515844345092773,-0.4438457489013672
237000,1.3180527687072754,45.718502044677734,0.04962025852584543,2.113057851791382,0.3395528197288513
238000,1.4036593437194824,43.579811096191406,0.049384376268998796,1.8134814500808716,-0.5610706806182861
239000,0.997360110282898,46.45092010498047,0.04837651664706058,1.8830801248550415,-0.3541199564933777
240000,6.526433944702148,48.93798828125,0.04701952652930745,2.0601255893707275,0.18381571769714355
241000,3.6145684719085693,45.76993942260742,0.048352896394351835,1.9939570426940918,-0.018305212259292603
242000,1.0361782312393188,46.77420425415039,0.04829626993748004,2.0778563022613525,0.23593612015247345
243000,9.340897560119629,46.95165252685547,0.04487427514909136,2.025914192199707,0.08043437451124191
244000,1.1641061305999756,47.233707427978516,0.04717976836097261,2.04479718208313,0.13680121302604675
245000,3.120819091796875,45.75916290283203,0.04799495431189184,2.093456506729126,0.28379589319229126
246000,1.1015784740447998,46.439537048339844,0.05011002738987864,2.1743574142456055,0.5219445824623108
247000,4.562586784362793,49.50209045410156,0.050223662515167765,1.6917178630828857,-0.9221544861793518
248000,1.6222457885742188,48.08898162841797,0.04859930120060853,1.6950790882110596,-0.9221252202987671
249000,1.2635576725006104,47.86476135253906,0.04983077274574261,1.9352713823318481,-0.19412890076637268
250000,1.6735562086105347,47.704498291015625,0.04984850226813498,1.9005916118621826,-0.29810282588005066
251000,8.034466743469238,48.944725036621094,0.0496693465003556,2.153831958770752,0.4618602991104126
252000,13.81646728515625,47.067169189453125,0.05105247946136939,2.0263848304748535,0.07849237322807312
253000,7.554007530212402,46.34772491455078,0.05305572823375469,1.9946445226669312,-0.01572597026824951
254000,3.7002322673797607,44.58913803100586,0.05293841893537894,2.2850470542907715,0.8376469016075134
255000,2.529848575592041,46.64347839355469,0.05371740252220591,1.8090325593948364,-0.5583922863006592
256000,20.279293060302734,46.6280517578125,0.05355274532638514,2.1387007236480713,0.40598922967910767
257000,14.962565422058105,46.3455810546875,0.053254876025681984,1.998112440109253,-0.00553545355796814
258000,3.077495574951172,45.8262939453125,0.05373178286450225,2.0544753074645996,0.159272238612175
259000,3.30765438079834,46.212425231933594,0.05609560088359188,2.009502410888672,0.02737376093864441
260000,1.4006805419921875,44.853511810302734,0.05536016272267309,1.9326571226119995,-0.19488325715065002
261000,15.799068450927734,44.91543960571289,0.05710078779781034,1.9559844732284546,-0.12601380050182343
262000,3.622164011001587,46.085933685302734,0.057861701306209476,1.9722280502319336,-0.07914144545793533
263000,1.420088291168213,43.11803436279297,0.058449534658327765,1.9988715648651123,-0.0032042115926742554
264000,4.208987236022949,44.36259460449219,0.05794250767507741,1.8801448345184326,-0.34138402342796326
265000,1.9301588535308838,42.56841278076172,0.05681261299594762,2.0543408393859863,0.15584926307201385
266000,1.3844804763793945,42.122520446777344,0.05771711939965187,2.147705078125,0.42128491401672363
267000,5.75863790512085,42.134315490722656,0.05582363623423864,2.0326483249664307,0.09420868754386902
268000,4.150574684143066,42.96003723144531,0.057016626743722446,2.1437058448791504,0.4116324186325073
269000,1.0025726556777954,44.78992462158203,0.05621083450282987,1.8155813217163086,-0.5308760404586792
270000,3.2193894386291504,40.20853805541992,0.054412294647510864,2.149494171142578,0.43520230054855347
271000,23.448646545410156,41.2421989440918,0.0552802586661148,2.0488595962524414,0.14146572351455688
272000,3.6980910301208496,42.26122283935547,0.05573405794598438,2.1141748428344727,0.329642117023468
273000,1.4454001188278198,43.61351776123047,0.0574019997193548,1.9808000326156616,-0.05486737936735153
274000,2.385866165161133,40.47928237915039,0.056443148582663645,2.017900228500366,0.05145461857318878
275000,1.2700135707855225,38.95620346069336,0.05598386341311059,1.9728052616119385,-0.07839404791593552
276000,1.3830326795578003,40.9326057434082,0.056969960692867166,1.965456247329712,-0.09897589683532715
277000,1.7103618383407593,40.000221252441406,0.05640293125242149,2.0537219047546387,0.15446320176124573
278000,3.734344005584717,39.077392578125,0.05823978262785911,1.8156319856643677,-0.5241926908493042
279000,8.350936889648438,39.166481018066406,0.05629853123575752,2.110459089279175,0.3178004324436188
280000,1.7943570613861084,39.95353317260742,0.057632303809036216,2.028660774230957,0.08178877830505371
281000,1.2979638576507568,40.71664810180664,0.057125891811993304,1.9892776012420654,-0.03069266676902771
282000,1.2947125434875488,39.70496368408203,0.05951368319992002,1.8935363292694092,-0.3003922700881958
283000,1.3103238344192505,40.178497314453125,0.057283923530241004,1.9306361675262451,-0.19836221635341644
284000,4.940158843994141,39.10495376586914,0.05678684880973759,1.855755090713501,-0.41375964879989624
285000,1.7130804061889648,40.786251068115234,0.05663513659254011,1.838248372077942,-0.46440935134887695
286000,1.663510799407959,40.977813720703125,0.05635787350283898,1.8853139877319336,-0.32984110713005066
287000,2.4622583389282227,39.427757263183594,0.057403436890783005,1.832190990447998,-0.4795391261577606
288000,1.8163650035858154,39.690711975097656,0.05685737099531657,1.9691201448440552,-0.08853884041309357
289000,1.5590211153030396,37.824195861816406,0.058957371590511,1.9398777484893799,-0.17020246386528015
290000,2.145810604095459,42.17118835449219,0.05981279048350756,1.868811845779419,-0.36949634552001953
291000,1.3007032871246338,41.209861755371094,0.05979638126181196,2.1761903762817383,0.4962945878505707
292000,6.298859596252441,39.456382751464844,0.06036127149316976,1.904146432876587,-0.26909971237182617
293000,14.890653610229492,38.79816818237305,0.06167520129464781,2.0667238235473633,0.18588393926620483
294000,1.1219840049743652,38.21154022216797,0.06224464802348919,1.9213001728057861,-0.21852444112300873
295000,1.1284385919570923,39.6443977355957,0.06107071026580592,2.0368075370788574,0.10290360450744629
296000,4.219579696655273,38.955848693847656,0.060330046150489015,2.0087947845458984,0.02469545602798462
297000,2.131927728652954,40.393310546875,0.06012732244794881,1.9119031429290771,-0.24766618013381958
298000,1.7165957689285278,36.99462890625,0.05995089186184658,2.0521059036254883,0.14663788676261902
299000,1.5355100631713867,35.17975616455078,0.06223539197607991,1.9593045711517334,-0.11300444602966309
300000,1.5649724006652832,38.42317581176758,0.06229928450723698,2.006706476211548,0.018616124987602234
301000,3.4896998405456543,37.594757080078125,0.05916350662035572,1.9855072498321533,-0.04097758233547211
302000,7.900723934173584,38.6082763671875,0.060019919506481355,1.8484359979629517,-0.42636141180992126
303000,1.8462108373641968,37.696868896484375,0.061873659859175416,2.1318359375,0.3668546676635742
304000,3.3020548820495605,38.07224655151367,0.06251479360374049,1.9464714527130127,-0.14840000867843628
305000,4.355722427368164,37.756683349609375,0.06283897458696866,2.1698718070983887,0.4700661897659302
306000,1.2182644605636597,38.17174530029297,0.06297390716656988,2.002706527709961,0.0074838921427726746
307000,13.674551010131836,36.651641845703125,0.062102625356500726,1.9228367805480957,-0.21443402767181396
308000,1.3575718402862549,39.38564682006836,0.06355674991586367,1.7723174095153809,-0.6274527907371521
309000,8.984710693359375,36.50421905517578,0.06406276412417926,1.7124667167663574,-0.7901105284690857
310000,1.3812509775161743,39.097755432128906,0.06540343503575585,1.9052714109420776,-0.25834226608276367
311000,4.894509792327881,36.318458557128906,0.06350889195271645,2.050480365753174,0.13915270566940308
312000,1.993260383605957,35.121089935302734,0.06511517189983873,2.039771556854248,0.10864000767469406
313000,5.963744163513184,35.32040786743164,0.06625633375658714,2.0019335746765137,0.005248658359050751
314000,1.9190504550933838,35.05152893066406,0.06406941673989573,1.9421093463897705,-0.15907113254070282
315000,3.7716617584228516,35.730323791503906,0.06463090664058647,2.0226242542266846,0.06196924299001694
316000,1.6699678897857666,36.57624053955078,0.06456136821583157,2.039609432220459,0.10853492468595505
317000,1.27677321434021,35.742759704589844,0.06327320100480974,1.668836236000061,-0.9141088128089905
318000,3.8029186725616455,35.72142791748047,0.06207304376302334,1.941707730293274,-0.1620197892189026
319000,3.518867015838623,38.11219787597656,0.062448743302546135,2.0607662200927734,0.16852927207946777
320000,12.017302513122559,35.182098388671875,0.06384154418204745,2.0207278728485107,0.05702957510948181
321000,1.1780576705932617,35.91890335083008,0.0638559790238883,2.1482155323028564,0.40775927901268005
322000,3.7937674522399902,36.09750747680664,0.06410992893224662,2.0511040687561035,0.14039111137390137
323000,1.7407339811325073,37.97707748413086,0.06415420527928992,2.0203871726989746,0.055992912501096725
324000,3.8355801105499268,36.13700866699219,0.06386170266243436,2.063164234161377,0.1737668812274933
325000,1.7171313762664795,34.08216094970703,0.06361366683986201,2.28228497505188,0.7776747941970825
326000,1.781888723373413,34.16399002075195,0.06500684887207865,2.0409932136535645,0.11204501986503601
327000,3.4843063354492188,32.50239562988281,0.061972515381409785,2.0313239097595215,0.08711327612400055
328000,2.5853233337402344,36.92096710205078,0.06344689637790954,2.093961715698242,0.25910428166389465
329000,5.671358108520508,35.20335388183594,0.06310602816390726,1.9500741958618164,-0.1379418671131134
330000,3.1923983097076416,34.30658721923828,0.06449652335600697,1.8724017143249512,-0.349765419960022
331000,11.907175064086914,34.558265686035156,0.06369644748523642,1.8226442337036133,-0.4883716106414795
332000,1.6052523851394653,34.016754150390625,0.06406681203448356,1.8896384239196777,-0.30325454473495483
333000,9.578933715820312,33.788787841796875,0.0655226674249656,1.6854735612869263,-0.8571975231170654
334000,3.833538770675659,34.27524948120117,0.0656536280617849,1.8884402513504028,-0.3038175106048584
335000,1.3109349012374878,33.41893005371094,0.06512576299993113,2.001919984817505,0.005244307219982147
336000,1.4693350791931152,33.357383728027344,0.06471497146050395,2.0230982303619385,0.06323739886283875
337000,3.9075050354003906,34.01165771484375,0.06546859511905725,2.192456007003784,0.5246707201004028
338000,2.434810161590576,34.130836486816406,0.0665063938907595,2.1373982429504395,0.37241220474243164
339000,1.2109949588775635,35.83428955078125,0.06636736002488484,1.8657901287078857,-0.3640511631965637
340000,3.173341751098633,34.185874938964844,0.06548978025375313,1.851364016532898,-0.4051612615585327
341000,2.5882322788238525,33.543643951416016,0.06598874619381337,2.0008010864257812,0.0021775811910629272
342000,1.6231149435043335,33.484046936035156,0.06723892704551762,2.0370612144470215,0.10004639625549316
343000,7.002642631530762,35.52806854248047,0.06642856232377625,2.0465989112854004,0.12635892629623413
344000,7.174132347106934,34.421295166015625,0.06641249782993233,2.160863161087036,0.4362400472164154
345000,11.729513168334961,33.043338775634766,0.06652507908379604,2.0010013580322266,0.002714395523071289
346000,1.8495361804962158,34.18550109863281,0.06547080783190921,1.8926751613616943,-0.29258352518081665
347000,1.8757598400115967,33.193119049072266,0.06669012912040286,1.865229845046997,-0.36491715908050537
348000,4.6437458992004395,30.11962127685547,0.06662137321940069,2.084991455078125,0.23021918535232544
349000,15.195409774780273,33.138694763183594,0.06702377073058119,1.8623642921447754,-0.37198907136917114
350000,1.4966076612472534,32.40602111816406,0.06638964321581829,2.0450735092163086,0.12224870920181274
351000,13.614570617675781,33.63977813720703,0.0672351912944493,1.998181939125061,-0.004908010363578796
352000,2.428773880004883,33.84849548339844,0.06701908923479467,2.14302396774292,0.3865622878074646
353000,2.0532894134521484,32.88496780395508,0.06749549635606845,1.7585740089416504,-0.6508105993270874
354000,3.059971332550049,32.53715133666992,0.06784190825820115,1.8987829685211182,-0.27233192324638367
355000,2.6127114295959473,31.878849029541016,0.06707725480279321,2.0359814167022705,0.09721895307302475
356000,2.47937273979187,34.07548522949219,0.06738676702796485,2.010622978210449,0.028653442859649658
357000,2.366391658782959,31.870878219604492,0.06694102780907146,1.8761482238769531,-0.33488813042640686
358000,1.3472833633422852,33.322059631347656,0.06679748969226099,1.7491605281829834,-0.6787938475608826
359000,1.716785192489624,33.110321044921875,0.06676254925297438,2.103238105773926,0.27942541241645813
360000,1.288764476776123,32.639434814453125,0.06688325878588683,2.09427547454834,0.2549970746040344
361000,7.944127559661865,33.188594818115234,0.06555087455196555,1.852776288986206,-0.4011743366718292
362000,3.9279093742370605,34.08683395385742,0.0671153529701781,1.8016966581344604,-0.535685122013092
363000,3.6241252422332764,31.963960647583008,0.06817917340085551,1.816328763961792,-0.49327072501182556
364000,7.024394512176514,32.46971893310547,0.06653754691369389,2.265500783920288,0.7195037603378296
365000,1.626967430114746,31.339004516601562,0.06631541766402692,2.107452869415283,0.29155492782592773
366000,1.3204827308654785,31.987577438354492,0.06738726737876878,2.0441765785217285,0.11915674060583115
367000,10.05135726928711,32.618465423583984,0.06596466035887671,1.9588228464126587,-0.11194565892219543
368000,1.8043391704559326,32.295318603515625,0.06816771509036018,2.1534602642059326,0.4121612310409546
369000,2.009066343307495,31.766387939453125,0.06871222027485249,2.053412437438965,0.14302927255630493
370000,1.9188146591186523,33.275943756103516,0.06874951896233641,1.694031834602356,-0.8191643953323364
371000,1.8797544240951538,32.85069274902344,0.06784510009759223,1.9364657402038574,-0.17094045877456665
372000,2.5925841331481934,31.04641342163086,0.06752587520277117,1.9777686595916748,-0.059918805956840515
373000,2.5319576263427734,31.84528350830078,0.06813010347944999,1.7634798288345337,-0.6353726983070374
374000,2.4201290607452393,29.995254516601562,0.06782985124537162,2.1252894401550293,0.3371230959892273
375000,1.6855125427246094,31.339656829833984,0.06839772779944712,2.0335617065429688,0.09002609550952911
376000,1.339911699295044,31.678205490112305,0.06658511778083037,1.9173338413238525,-0.22396518290042877
377000,1.1712236404418945,31.81144142150879,0.06813369220655031,2.011777877807617,0.031638920307159424
378000,1.7891089916229248,30.12353515625,0.06666241575156993,2.0015666484832764,0.004242569208145142
379000,3.5615391731262207,31.834232330322266,0.0666581647526126,1.9588357210159302,-0.11147990822792053
380000,1.8018946647644043,31.152833938598633,0.06743995639565242,1.9956095218658447,-0.01183927059173584
381000,2.520723581314087,30.636001586914062,0.0688447424321402,2.2609338760375977,0.698233425617218
382000,1.2242090702056885,31.006027221679688,0.06988318474128806,2.092193603515625,0.2453201562166214
383000,3.1805896759033203,31.846036911010742,0.06926962334476411,1.883981704711914,-0.30973994731903076
384000,2.259154796600342,31.224483489990234,0.06679338291053781,1.9684417247772217,-0.08540122210979462
385000,1.5439156293869019,31.73175811767578,0.06826843369789422,2.0615780353546143,0.16529425978660583
386000,1.1910221576690674,33.152442932128906,0.06847125969365321,1.938042402267456,-0.1661294400691986
387000,11.369755744934082,30.37520980834961,0.06684239413921303,2.0494680404663086,0.13383203744888306
388000,1.770439863204956,29.709823608398438,0.06842184081625184,1.9770992994308472,-0.06142118573188782
389000,2.6681323051452637,30.26010513305664,0.0679844624892852,2.044243335723877,0.11894728988409042
390000,1.947156548500061,30.870397567749023,0.06816491818916372,1.903545618057251,-0.2590598464012146
391000,3.6072800159454346,31.475852966308594,0.0685885356997101,2.071385622024536,0.1912873238325119
392000,1.130814552307129,31.58968162536621,0.06850595495078965,2.204911470413208,0.549333930015564
393000,9.488838195800781,29.92950439453125,0.06668531897078893,2.018075942993164,0.04894530773162842
394000,1.5847914218902588,32.78324890136719,0.06838729293542566,2.1456189155578613,0.3906323313713074
395000,6.826959609985352,29.75995635986328,0.06980539765536502,2.247772216796875,0.6595802307128906
396000,11.85142993927002,30.923866271972656,0.06942110292362266,1.7640714645385742,-0.6293544769287109
397000,12.14268684387207,28.902902603149414,0.06956767053439936,1.7853538990020752,-0.5721296668052673
398000,5.089211463928223,28.89757537841797,0.0693679284533728,2.0739076137542725,0.19720977544784546
399000,1.6671116352081299,28.17334747314453,0.06971199900331554,1.9838080406188965,-0.04312524199485779
400000,1.5075973272323608,28.98580551147461,0.07071002312086763,2.0839929580688477,0.22251096367835999
401000,15.595856666564941,28.834760665893555,0.07033202130903687,1.9373563528060913,-0.16628950834274292
402000,1.6570162773132324,30.579181671142578,0.06902138700258227,2.049525737762451,0.1323990672826767
403000,1.8921555280685425,30.03449821472168,0.0710654034559079,2.038212537765503,0.10103988647460938
404000,1.2477703094482422,30.77619171142578,0.06877349896011539,1.8499655723571777,-0.4016323685646057
405000,2.4961962699890137,28.85304832458496,0.06997316665110295,2.1450979709625244,0.3859092891216278
406000,1.5643274784088135,27.534042358398438,0.0687886388089983,2.135453224182129,0.3625698685646057
407000,1.6617090702056885,27.524137496948242,0.06954600249464458,1.955522060394287,-0.11856774985790253
408000,3.716487407684326,28.707035064697266,0.0696466932755202,2.119600772857666,0.31865429878234863
409000,5.78304386138916,30.60845184326172,0.0701280446566997,2.03757905960083,0.09986375272274017
410000,1.286757469177246,30.44036102294922,0.06863969321707108,1.8418787717819214,-0.42358845472335815
411000,1.3652399778366089,29.299636840820312,0.06954552210652976,1.9373736381530762,-0.16694781184196472
412000,1.2734758853912354,29.637372970581055,0.06997194229600669,1.8617708683013916,-0.3676424026489258
413000,3.783540964126587,29.861560821533203,0.07043228503918308,2.265108585357666,0.7033606171607971
414000,2.2474217414855957,27.779550552368164,0.06900269080386824,1.98282790184021,-0.04591112583875656
415000,1.7874281406402588,28.067516326904297,0.06945974374766024,2.0784974098205566,0.20935335755348206
416000,2.2942638397216797,28.62464141845703,0.06844078753410544,1.918760061264038,-0.2178681641817093
417000,3.3359010219573975,30.61559295654297,0.0686161256451318,2.133115530014038,0.35664719343185425
418000,2.3421719074249268,28.821327209472656,0.06854657707533701,2.282846450805664,0.7580968737602234
419000,2.9464714527130127,28.52834701538086,0.06889990777289064,1.804462194442749,-0.5230830311775208
420000,1.7348588705062866,29.861839294433594,0.06996613568686914,2.0984370708465576,0.26181766390800476
421000,5.4596943855285645,29.77688980102539,0.06889725586928201,1.8876945972442627,-0.3004326820373535
422000,1.6329905986785889,30.87725830078125,0.0700998886011131,1.9525489807128906,-0.12611690163612366
423000,1.3002257347106934,28.20356559753418,0.0686004231006276,1.952188491821289,-0.12810873985290527
424000,2.4766063690185547,29.72804832458496,0.06929640780696711,2.067899227142334,0.18124714493751526
425000,6.447365760803223,29.389381408691406,0.06834809935478878,1.9731969833374023,-0.07191607356071472
426000,23.64816665649414,28.195079803466797,0.06863996181779748,1.9722332954406738,-0.0743836760520935
427000,6.14031982421875,29.40028953552246,0.06850452765656213,2.057647228240967,0.15454445779323578
428000,12.616589546203613,29.708919525146484,0.06759230277757398,1.9722284078598022,-0.07482406497001648
429000,2.144773483276367,28.261077880859375,0.06767749185336612,1.92722749710083,-0.19597673416137695
430000,1.6626015901565552,30.238372802734375,0.06843944440055429,1.884070634841919,-0.31090039014816284
431000,1.2385298013687134,27.182727813720703,0.0678804636743168,1.8900771141052246,-0.29569336771965027
432000,1.403685212135315,28.312976837158203,0.06825243824877505,2.168951988220215,0.4535583257675171
433000,1.5598655939102173,29.023658752441406,0.06972953818473797,1.831876516342163,-0.447735071182251
434000,3.2764885425567627,28.708072662353516,0.07002818935776577,1.8475046157836914,-0.4054631292819977
435000,1.190667986869812,28.975746154785156,0.06966740930724599,1.9735825061798096,-0.07037711143493652
436000,1.7908220291137695,28.027671813964844,0.07084004042481191,1.936991572380066,-0.16680406033992767
437000,1.3724021911621094,30.423980712890625,0.0699839038857666,2.0254077911376953,0.06757161766290665
438000,1.8582875728607178,29.320716857910156,0.06953944462691501,1.8168046474456787,-0.48837339878082275
439000,1.0894997119903564,29.01192855834961,0.06970117314363254,1.7506635189056396,-0.6641172170639038
440000,1.6113032102584839,29.625661849975586,0.07026192478282227,1.8142896890640259,-0.4931583106517792
441000,1.4605106115341187,29.263029098510742,0.06943282064415107,2.2924606800079346,0.7801085710525513
442000,1.7774146795272827,28.43963623046875,0.06928578767540719,1.9607895612716675,-0.1046731024980545
443000,14.447881698608398,27.305065155029297,0.07067405255347585,2.1520957946777344,0.40300452709198
444000,1.334735631942749,26.61487579345703,0.07168729144408321,1.7464091777801514,-0.6683241128921509
445000,8.180268287658691,26.448129653930664,0.06953537953961203,2.4206180572509766,1.1213337182998657
446000,1.9385597705841064,25.953222274780273,0.07004620355744381,2.0461339950561523,0.12265240401029587
447000,0.9537487626075745,27.835105895996094,0.07169783142403671,2.031571865081787,0.08320115506649017
448000,1.2597243785858154,27.263174057006836,0.07030933152585224,2.0089504718780518,0.023762181401252747
449000,1.166419506072998,27.562694549560547,0.06910845306433079,1.9418509006500244,-0.15537920594215393
450000,1.052977204322815,26.54363441467285,0.06984018626106597,2.0909290313720703,0.24201229214668274
451000,2.841392755508423,29.033647537231445,0.07002304848298983,1.966991662979126,-0.08776684105396271
452000,1.450486421585083,26.869365692138672,0.06899399369825845,1.8754035234451294,-0.33313822746276855
453000,1.6792287826538086,26.97509002685547,0.06858464883338217,1.9857227802276611,-0.038258738815784454
454000,1.1309704780578613,27.295333862304688,0.06892950331296731,2.1661150455474854,0.44430285692214966
455000,3.1976490020751953,27.830842971801758,0.0688591581360088,1.9165207147598267,-0.22336483001708984
456000,1.1715879440307617,27.919017791748047,0.06930996167493336,2.1218576431274414,0.3252579867839813
457000,3.169224977493286,27.208438873291016,0.06858110399297013,1.9075953960418701,-0.2476198971271515
458000,1.3308777809143066,29.210020065307617,0.06934317137888699,1.9794034957885742,-0.054965630173683167
459000,3.2857089042663574,28.375308990478516,0.07019969703592459,1.9101580381393433,-0.23865723609924316
460000,1.1747722625732422,29.135456085205078,0.0682104569246281,1.976491928100586,-0.0631231814622879
461000,3.059286594390869,27.716934204101562,0.06865638243155199,2.228980541229248,0.6133573055267334
462000,1.778383493423462,26.633665084838867,0.06903603847911868,1.7302641868591309,-0.7210378646850586
463000,1.1211477518081665,28.568599700927734,0.0687364510847189,2.1509571075439453,0.4041837155818939
464000,1.8793365955352783,27.0544376373291,0.06805707519485665,2.007871627807617,0.02115459367632866
465000,0.8886957168579102,28.616697311401367,0.06820777128327844,2.0614452362060547,0.1649923175573349
466000,2.358064889907837,25.372085571289062,0.06749861754308945,2.0174307823181152,0.04698699712753296
467000,4.4090986251831055,25.528072357177734,0.0672903021344347,2.1941635608673096,0.5239967703819275
468000,3.213707447052002,25.155553817749023,0.06811433906382117,2.1283621788024902,0.34485387802124023
469000,1.098140001296997,25.855165481567383,0.0668644520248539,1.901298999786377,-0.26699507236480713
470000,1.2029974460601807,26.167037963867188,0.06711163216844154,1.7131459712982178,-0.774907112121582
471000,1.1892170906066895,25.874271392822266,0.06667476852782325,1.8819925785064697,-0.31955572962760925
472000,1.1117947101593018,27.87671661376953,0.06819942199441512,2.043461799621582,0.11670906841754913
473000,1.7072064876556396,27.1545352935791,0.06797709863814978,2.0865750312805176,0.23276476562023163
474000,1.4827942848205566,28.758365631103516,0.06786615379386726,2.0903210639953613,0.24298301339149475
475000,8.559967041015625,26.354061126708984,0.06768811542396629,1.8885619640350342,-0.30008554458618164
476000,2.2035679817199707,25.224634170532227,0.06854855767010025,2.027280330657959,0.073117196559906
477000,1.4433746337890625,25.95278549194336,0.06840679894899787,2.173316240310669,0.4648827314376831
478000,5.941977500915527,23.19234848022461,0.06733785423296998,2.023169755935669,0.06251291930675507
479000,3.569026470184326,25.761117935180664,0.067388553231017,2.048109531402588,0.12976530194282532
480000,2.496303081512451,25.266740798950195,0.06696997887026926,1.8021914958953857,-0.5347771644592285
481000,11.841937065124512,27.906646728515625,0.06783168147119856,1.9425480365753174,-0.15458741784095764
482000,1.0548893213272095,26.55801010131836,0.06780417151695943,2.086947441101074,0.23398727178573608
483000,5.629473686218262,24.66730499267578,0.06684303566078167,2.1322951316833496,0.35791265964508057
484000,0.8678231239318848,25.362136840820312,0.06820638742083891,2.0557491779327393,0.1496984362602234
485000,2.1669692993164062,24.36713218688965,0.06777487497408077,1.940687656402588,-0.15964274108409882
486000,1.0903071165084839,25.170515060424805,0.06887673869615178,2.1017892360687256,0.2723306715488434
487000,2.3815112113952637,27.558717727661133,0.06739859245763236,1.6847145557403564,-0.8503661751747131
488000,1.107513189315796,25.519044876098633,0.06837399310205067,1.8069584369659424,-0.5178846716880798
489000,1.4343026876449585,26.229267120361328,0.06763434199210941,2.0438454151153564,0.11810413002967834
490000,0.8758401870727539,24.778993606567383,0.06795908898852628,2.002016544342041,0.00542217493057251
491000,1.404212236404419,27.495805740356445,0.06858141026901171,2.0093729496002197,0.025116875767707825
492000,1.4700026512145996,27.218555450439453,0.06637118076054406,1.8959412574768066,-0.2822583317756653
493000,8.384397506713867,26.38147735595703,0.06766496265243903,1.899289608001709,-0.27123212814331055
494000,2.528379201889038,26.639434814453125,0.06746461061655758,1.9096580743789673,-0.24357572197914124
495000,0.9227312803268433,26.420204162597656,0.06687248597785254,2.0229508876800537,0.06208115816116333
496000,1.1400089263916016,27.19578742980957,0.06785425169468862,1.9778023958206177,-0.059720199555158615
497000,4.0593671798706055,24.822662353515625,0.06682991502845716,1.965060830116272,-0.09453167766332626
498000,1.2402135133743286,26.260807037353516,0.06679224653647996,2.257646083831787,0.6972334980964661
499000,1.5568499565124512,24.22406768798828,0.06729311249644802,2.067715644836426,0.18274371325969696
500000,2.043661117553711,25.476354598999023,0.0675352679140914,1.838531732559204,-0.43517398834228516
